{
  "n_train": 26381,
  "n_val": 8999,
  "n_test": 11184,
  "roc_auc": 0.8442063594278804,
  "pr_auc": 0.9871204211354372,
  "brier": 0.047455343374524,
  "acc_at_0.5": 0.9441165951359084,
  "f1_at_0.5": 0.970444980375467,
  "acc_at_best_t": 0.9533261802575107,
  "f1_at_best_t": 0.9755411863930278
}