{
  "best_threshold": 0.25999999999999995,
  "best_f1": 0.9709821428571429
}